jahr,monat,kategorie,status,anzahl
2023,2023-10,anbieter_limousine,erledigt,13
2023,2023-10,limousinenfahrer,erledigt,18
2023,2023-10,limousinenfahrzeug_bewilligungen,abgebrochen,NA
2023,2023-10,limousinenfahrzeug_bewilligungen,erledigt,15
2023,2023-10,taxiausweise,abgebrochen,NA
2023,2023-10,taxiausweise,erledigt,28
2023,2023-10,taxidienstanbieter,abgebrochen,NA
2023,2023-10,taxidienstanbieter,erledigt,21
2023,2023-10,taxifahrzeug_bewilligungen,abgebrochen,NA
2023,2023-10,taxifahrzeug_bewilligungen,erledigt,18
2023,2023-11,anbieter_limousine,abgebrochen,32
2023,2023-11,anbieter_limousine,erledigt,234
2023,2023-11,limousinenfahrer,abgebrochen,19
2023,2023-11,limousinenfahrer,erledigt,507
2023,2023-11,limousinenfahrzeug_bewilligungen,abgebrochen,78
2023,2023-11,limousinenfahrzeug_bewilligungen,erledigt,474
2023,2023-11,taxiausweise,abgebrochen,30
2023,2023-11,taxiausweise,erledigt,475
2023,2023-11,taxidienstanbieter,abgebrochen,26
2023,2023-11,taxidienstanbieter,erledigt,179
2023,2023-11,taxifahrzeug_bewilligungen,abgebrochen,53
2023,2023-11,taxifahrzeug_bewilligungen,erledigt,322
2023,2023-11,zusatzbewilligung_fz,abgebrochen,NA
2023,2023-12,anbieter_limousine,abgebrochen,71
2023,2023-12,anbieter_limousine,erledigt,290
2023,2023-12,limousinenfahrer,abgebrochen,62
2023,2023-12,limousinenfahrer,erledigt,867
2023,2023-12,limousinenfahrzeug_bewilligungen,abgebrochen,107
2023,2023-12,limousinenfahrzeug_bewilligungen,erledigt,750
2023,2023-12,taxiausweise,abgebrochen,45
2023,2023-12,taxiausweise,erledigt,464
2023,2023-12,taxidienstanbieter,abgebrochen,33
2023,2023-12,taxidienstanbieter,erledigt,132
2023,2023-12,taxifahrzeug_bewilligungen,abgebrochen,89
2023,2023-12,taxifahrzeug_bewilligungen,erledigt,487
2023,2023-12,zusatzbewilligung_fz,abgebrochen,NA
2023,2023-12,zusatzbewilligung_fz,erledigt,NA
2024,2024-01,anbieter_limousine,abgebrochen,12
2024,2024-01,anbieter_limousine,erledigt,147
2024,2024-01,limousinenfahrer,abgebrochen,31
2024,2024-01,limousinenfahrer,erledigt,786
2024,2024-01,limousinenfahrzeug_bewilligungen,abgebrochen,84
2024,2024-01,limousinenfahrzeug_bewilligungen,erledigt,691
2024,2024-01,taxiausweise,abgebrochen,21
2024,2024-01,taxiausweise,erledigt,303
2024,2024-01,taxidienstanbieter,abgebrochen,7
2024,2024-01,taxidienstanbieter,erledigt,53
2024,2024-01,taxifahrzeug_bewilligungen,abgebrochen,37
2024,2024-01,taxifahrzeug_bewilligungen,erledigt,283
2024,2024-02,anbieter_limousine,abgebrochen,9
2024,2024-02,anbieter_limousine,erledigt,39
2024,2024-02,limousinenfahrer,abgebrochen,15
2024,2024-02,limousinenfahrer,erledigt,464
2024,2024-02,limousinenfahrzeug_bewilligungen,abgebrochen,54
2024,2024-02,limousinenfahrzeug_bewilligungen,erledigt,718
2024,2024-02,taxiausweise,abgebrochen,16
2024,2024-02,taxiausweise,erledigt,226
2024,2024-02,taxidienstanbieter,abgebrochen,7
2024,2024-02,taxidienstanbieter,erledigt,34
2024,2024-02,taxifahrzeug_bewilligungen,abgebrochen,29
2024,2024-02,taxifahrzeug_bewilligungen,erledigt,220
2024,2024-02,zusatzbewilligung_fz,abgebrochen,NA
2024,2024-03,anbieter_limousine,abgebrochen,7
2024,2024-03,anbieter_limousine,erledigt,28
2024,2024-03,limousinenfahrer,abgebrochen,6
2024,2024-03,limousinenfahrer,erledigt,237
2024,2024-03,limousinenfahrzeug_bewilligungen,abgebrochen,36
2024,2024-03,limousinenfahrzeug_bewilligungen,erledigt,505
2024,2024-03,taxiausweise,abgebrochen,6
2024,2024-03,taxiausweise,erledigt,164
2024,2024-03,taxidienstanbieter,abgebrochen,NA
2024,2024-03,taxidienstanbieter,erledigt,20
2024,2024-03,taxifahrzeug_bewilligungen,abgebrochen,18
2024,2024-03,taxifahrzeug_bewilligungen,erledigt,169
2024,2024-04,anbieter_limousine,abgebrochen,NA
2024,2024-04,anbieter_limousine,erledigt,20
2024,2024-04,limousinenfahrer,abgebrochen,8
2024,2024-04,limousinenfahrer,erledigt,133
2024,2024-04,limousinenfahrzeug_bewilligungen,abgebrochen,10
2024,2024-04,limousinenfahrzeug_bewilligungen,erledigt,195
2024,2024-04,taxiausweise,abgebrochen,8
2024,2024-04,taxiausweise,erledigt,123
2024,2024-04,taxidienstanbieter,erledigt,13
2024,2024-04,taxifahrzeug_bewilligungen,abgebrochen,12
2024,2024-04,taxifahrzeug_bewilligungen,erledigt,118
2024,2024-04,zusatzbewilligung_fz,abgebrochen,NA
2024,2024-05,anbieter_limousine,abgebrochen,NA
2024,2024-05,anbieter_limousine,erledigt,23
2024,2024-05,limousinenfahrer,abgebrochen,NA
2024,2024-05,limousinenfahrer,erledigt,88
2024,2024-05,limousinenfahrzeug_bewilligungen,abgebrochen,23
2024,2024-05,limousinenfahrzeug_bewilligungen,erledigt,152
2024,2024-05,taxiausweise,abgebrochen,NA
2024,2024-05,taxiausweise,erledigt,77
2024,2024-05,taxidienstanbieter,erledigt,14
2024,2024-05,taxifahrzeug_bewilligungen,abgebrochen,10
2024,2024-05,taxifahrzeug_bewilligungen,erledigt,83
2024,2024-05,zusatzbewilligung_fz,erledigt,NA
2024,2024-06,anbieter_limousine,abgebrochen,NA
2024,2024-06,anbieter_limousine,erledigt,16
2024,2024-06,limousinenfahrer,abgebrochen,7
2024,2024-06,limousinenfahrer,erledigt,87
2024,2024-06,limousinenfahrzeug_bewilligungen,abgebrochen,16
2024,2024-06,limousinenfahrzeug_bewilligungen,erledigt,117
2024,2024-06,taxiausweise,abgebrochen,10
2024,2024-06,taxiausweise,erledigt,79
2024,2024-06,taxidienstanbieter,erledigt,9
2024,2024-06,taxifahrzeug_bewilligungen,abgebrochen,NA
2024,2024-06,taxifahrzeug_bewilligungen,erledigt,87
2024,2024-07,anbieter_limousine,abgebrochen,NA
2024,2024-07,anbieter_limousine,erledigt,8
2024,2024-07,limousinenfahrer,abgebrochen,NA
2024,2024-07,limousinenfahrer,erledigt,88
2024,2024-07,limousinenfahrzeug_bewilligungen,abgebrochen,15
2024,2024-07,limousinenfahrzeug_bewilligungen,erledigt,141
2024,2024-07,taxiausweise,abgebrochen,6
2024,2024-07,taxiausweise,erledigt,83
2024,2024-07,taxidienstanbieter,abgebrochen,NA
2024,2024-07,taxidienstanbieter,erledigt,7
2024,2024-07,taxifahrzeug_bewilligungen,abgebrochen,6
2024,2024-07,taxifahrzeug_bewilligungen,erledigt,84
2024,2024-08,anbieter_limousine,abgebrochen,NA
2024,2024-08,anbieter_limousine,erledigt,9
2024,2024-08,limousinenfahrer,abgebrochen,NA
2024,2024-08,limousinenfahrer,erledigt,81
2024,2024-08,limousinenfahrzeug_bewilligungen,abgebrochen,6
2024,2024-08,limousinenfahrzeug_bewilligungen,erledigt,123
2024,2024-08,taxiausweise,abgebrochen,7
2024,2024-08,taxiausweise,erledigt,53
2024,2024-08,taxidienstanbieter,erledigt,8
2024,2024-08,taxifahrzeug_bewilligungen,abgebrochen,6
2024,2024-08,taxifahrzeug_bewilligungen,erledigt,68
2024,2024-09,anbieter_limousine,abgebrochen,NA
2024,2024-09,anbieter_limousine,erledigt,7
2024,2024-09,limousinenfahrer,abgebrochen,NA
2024,2024-09,limousinenfahrer,erledigt,63
2024,2024-09,limousinenfahrzeug_bewilligungen,abgebrochen,NA
2024,2024-09,limousinenfahrzeug_bewilligungen,erledigt,121
2024,2024-09,taxiausweise,abgebrochen,6
2024,2024-09,taxiausweise,erledigt,74
2024,2024-09,taxidienstanbieter,erledigt,8
2024,2024-09,taxifahrzeug_bewilligungen,abgebrochen,NA
2024,2024-09,taxifahrzeug_bewilligungen,erledigt,73
2024,2024-10,anbieter_limousine,abgebrochen,NA
2024,2024-10,anbieter_limousine,erledigt,15
2024,2024-10,limousinenfahrer,abgebrochen,NA
2024,2024-10,limousinenfahrer,erledigt,78
2024,2024-10,limousinenfahrzeug_bewilligungen,abgebrochen,12
2024,2024-10,limousinenfahrzeug_bewilligungen,erledigt,146
2024,2024-10,taxiausweise,abgebrochen,11
2024,2024-10,taxiausweise,erledigt,70
2024,2024-10,taxidienstanbieter,erledigt,7
2024,2024-10,taxifahrzeug_bewilligungen,abgebrochen,8
2024,2024-10,taxifahrzeug_bewilligungen,erledigt,83
2024,2024-11,anbieter_limousine,abgebrochen,NA
2024,2024-11,anbieter_limousine,erledigt,10
2024,2024-11,limousinenfahrer,abgebrochen,6
2024,2024-11,limousinenfahrer,erledigt,83
2024,2024-11,limousinenfahrzeug_bewilligungen,abgebrochen,18
2024,2024-11,limousinenfahrzeug_bewilligungen,erledigt,153
2024,2024-11,taxiausweise,abgebrochen,12
2024,2024-11,taxiausweise,erledigt,95
2024,2024-11,taxidienstanbieter,erledigt,6
2024,2024-11,taxifahrzeug_bewilligungen,abgebrochen,9
2024,2024-11,taxifahrzeug_bewilligungen,erledigt,85
2024,2024-11,zusatzbewilligung_fz,abgebrochen,NA
2024,2024-12,anbieter_limousine,erledigt,8
2024,2024-12,limousinenfahrer,abgebrochen,NA
2024,2024-12,limousinenfahrer,erledigt,85
2024,2024-12,limousinenfahrzeug_bewilligungen,abgebrochen,11
2024,2024-12,limousinenfahrzeug_bewilligungen,erledigt,141
2024,2024-12,taxiausweise,abgebrochen,10
2024,2024-12,taxiausweise,erledigt,119
2024,2024-12,taxidienstanbieter,abgebrochen,NA
2024,2024-12,taxidienstanbieter,erledigt,7
2024,2024-12,taxifahrzeug_bewilligungen,abgebrochen,11
2024,2024-12,taxifahrzeug_bewilligungen,erledigt,83
2025,2025-01,anbieter_limousine,erledigt,8
2025,2025-01,limousinenfahrer,abgebrochen,NA
2025,2025-01,limousinenfahrer,erledigt,75
2025,2025-01,limousinenfahrzeug_bewilligungen,abgebrochen,7
2025,2025-01,limousinenfahrzeug_bewilligungen,erledigt,168
2025,2025-01,taxiausweise,abgebrochen,8
2025,2025-01,taxiausweise,erledigt,94
2025,2025-01,taxidienstanbieter,erledigt,NA
2025,2025-01,taxifahrzeug_bewilligungen,abgebrochen,NA
2025,2025-01,taxifahrzeug_bewilligungen,erledigt,201
2025,2025-02,anbieter_limousine,abgebrochen,NA
2025,2025-02,anbieter_limousine,erledigt,9
2025,2025-02,limousinenfahrer,abgebrochen,NA
2025,2025-02,limousinenfahrer,erledigt,82
2025,2025-02,limousinenfahrzeug_bewilligungen,abgebrochen,8
2025,2025-02,limousinenfahrzeug_bewilligungen,erledigt,122
2025,2025-02,taxiausweise,abgebrochen,7
2025,2025-02,taxiausweise,erledigt,97
2025,2025-02,taxidienstanbieter,erledigt,7
2025,2025-02,taxifahrzeug_bewilligungen,abgebrochen,7
2025,2025-02,taxifahrzeug_bewilligungen,erledigt,81
2025,2025-03,anbieter_limousine,abgebrochen,NA
2025,2025-03,anbieter_limousine,erledigt,11
2025,2025-03,limousinenfahrer,abgebrochen,NA
2025,2025-03,limousinenfahrer,erledigt,91
2025,2025-03,limousinenfahrzeug_bewilligungen,abgebrochen,11
2025,2025-03,limousinenfahrzeug_bewilligungen,erledigt,146
2025,2025-03,taxiausweise,abgebrochen,NA
2025,2025-03,taxiausweise,erledigt,111
2025,2025-03,taxidienstanbieter,abgebrochen,NA
2025,2025-03,taxidienstanbieter,erledigt,NA
2025,2025-03,taxifahrzeug_bewilligungen,abgebrochen,6
2025,2025-03,taxifahrzeug_bewilligungen,erledigt,91
2025,2025-03,zusatzbewilligung_fz,abgebrochen,NA
2025,2025-04,anbieter_limousine,abgebrochen,NA
2025,2025-04,anbieter_limousine,erledigt,8
2025,2025-04,limousinenfahrer,abgebrochen,NA
2025,2025-04,limousinenfahrer,erledigt,67
2025,2025-04,limousinenfahrzeug_bewilligungen,abgebrochen,8
2025,2025-04,limousinenfahrzeug_bewilligungen,erledigt,107
2025,2025-04,taxiausweise,abgebrochen,NA
2025,2025-04,taxiausweise,erledigt,73
2025,2025-04,taxidienstanbieter,erledigt,NA
2025,2025-04,taxifahrzeug_bewilligungen,abgebrochen,11
2025,2025-04,taxifahrzeug_bewilligungen,erledigt,72
2025,2025-04,zusatzbewilligung_fz,abgebrochen,NA
2025,2025-05,anbieter_limousine,erledigt,6
2025,2025-05,limousinenfahrer,abgebrochen,NA
2025,2025-05,limousinenfahrer,erledigt,53
2025,2025-05,limousinenfahrzeug_bewilligungen,abgebrochen,NA
2025,2025-05,limousinenfahrzeug_bewilligungen,erledigt,102
2025,2025-05,taxiausweise,abgebrochen,NA
2025,2025-05,taxiausweise,erledigt,77
2025,2025-05,taxidienstanbieter,erledigt,NA
2025,2025-05,taxifahrzeug_bewilligungen,abgebrochen,NA
2025,2025-05,taxifahrzeug_bewilligungen,erledigt,74
2025,2025-06,anbieter_limousine,abgebrochen,NA
2025,2025-06,anbieter_limousine,erledigt,8
2025,2025-06,limousinenfahrer,abgebrochen,NA
2025,2025-06,limousinenfahrer,erledigt,58
2025,2025-06,limousinenfahrzeug_bewilligungen,abgebrochen,NA
2025,2025-06,limousinenfahrzeug_bewilligungen,erledigt,105
2025,2025-06,taxiausweise,abgebrochen,NA
2025,2025-06,taxiausweise,erledigt,92
2025,2025-06,taxidienstanbieter,abgebrochen,NA
2025,2025-06,taxidienstanbieter,erledigt,NA
2025,2025-06,taxifahrzeug_bewilligungen,abgebrochen,NA
2025,2025-06,taxifahrzeug_bewilligungen,erledigt,50
2025,2025-06,zusatzbewilligung_fz,abgebrochen,NA
2025,2025-07,anbieter_limousine,abgebrochen,NA
2025,2025-07,anbieter_limousine,erledigt,NA
2025,2025-07,limousinenfahrer,abgebrochen,NA
2025,2025-07,limousinenfahrer,erledigt,53
2025,2025-07,limousinenfahrzeug_bewilligungen,abgebrochen,NA
2025,2025-07,limousinenfahrzeug_bewilligungen,erledigt,106
2025,2025-07,taxiausweise,abgebrochen,NA
2025,2025-07,taxiausweise,erledigt,75
2025,2025-07,taxidienstanbieter,erledigt,6
2025,2025-07,taxifahrzeug_bewilligungen,abgebrochen,NA
2025,2025-07,taxifahrzeug_bewilligungen,erledigt,65
2025,2025-08,anbieter_limousine,erledigt,6
2025,2025-08,limousinenfahrer,abgebrochen,NA
2025,2025-08,limousinenfahrer,erledigt,54
2025,2025-08,limousinenfahrzeug_bewilligungen,abgebrochen,NA
2025,2025-08,limousinenfahrzeug_bewilligungen,erledigt,102
2025,2025-08,taxiausweise,abgebrochen,NA
2025,2025-08,taxiausweise,erledigt,82
2025,2025-08,taxidienstanbieter,erledigt,6
2025,2025-08,taxifahrzeug_bewilligungen,abgebrochen,NA
2025,2025-08,taxifahrzeug_bewilligungen,erledigt,65
2025,2025-09,anbieter_limousine,abgebrochen,NA
2025,2025-09,anbieter_limousine,erledigt,10
2025,2025-09,limousinenfahrer,abgebrochen,NA
2025,2025-09,limousinenfahrer,erledigt,69
2025,2025-09,limousinenfahrzeug_bewilligungen,abgebrochen,6
2025,2025-09,limousinenfahrzeug_bewilligungen,erledigt,165
2025,2025-09,taxiausweise,abgebrochen,7
2025,2025-09,taxiausweise,erledigt,143
2025,2025-09,taxidienstanbieter,erledigt,NA
2025,2025-09,taxifahrzeug_bewilligungen,abgebrochen,NA
2025,2025-09,taxifahrzeug_bewilligungen,erledigt,106
2025,2025-10,anbieter_limousine,abgebrochen,NA
2025,2025-10,anbieter_limousine,erledigt,7
2025,2025-10,limousinenfahrer,abgebrochen,NA
2025,2025-10,limousinenfahrer,erledigt,61
2025,2025-10,limousinenfahrzeug_bewilligungen,erledigt,157
2025,2025-10,taxiausweise,abgebrochen,NA
2025,2025-10,taxiausweise,erledigt,126
2025,2025-10,taxidienstanbieter,abgebrochen,NA
2025,2025-10,taxidienstanbieter,erledigt,NA
2025,2025-10,taxifahrzeug_bewilligungen,abgebrochen,NA
2025,2025-10,taxifahrzeug_bewilligungen,erledigt,101
2025,2025-10,zusatzbewilligung_fz,abgebrochen,NA
2025,2025-11,anbieter_limousine,abgebrochen,NA
2025,2025-11,anbieter_limousine,erledigt,6
2025,2025-11,limousinenfahrer,abgebrochen,NA
2025,2025-11,limousinenfahrer,erledigt,74
2025,2025-11,limousinenfahrzeug_bewilligungen,abgebrochen,NA
2025,2025-11,limousinenfahrzeug_bewilligungen,erledigt,116
2025,2025-11,taxiausweise,abgebrochen,NA
2025,2025-11,taxiausweise,erledigt,151
2025,2025-11,taxidienstanbieter,abgebrochen,NA
2025,2025-11,taxidienstanbieter,erledigt,NA
2025,2025-11,taxifahrzeug_bewilligungen,abgebrochen,NA
2025,2025-11,taxifahrzeug_bewilligungen,erledigt,92
2025,2025-12,anbieter_limousine,erledigt,NA
2025,2025-12,limousinenfahrer,abgebrochen,NA
2025,2025-12,limousinenfahrer,erledigt,65
2025,2025-12,limousinenfahrzeug_bewilligungen,abgebrochen,NA
2025,2025-12,limousinenfahrzeug_bewilligungen,erledigt,115
2025,2025-12,taxiausweise,abgebrochen,NA
2025,2025-12,taxiausweise,erledigt,116
2025,2025-12,taxidienstanbieter,erledigt,NA
2025,2025-12,taxifahrzeug_bewilligungen,abgebrochen,NA
2025,2025-12,taxifahrzeug_bewilligungen,erledigt,73
2025,2025-12,zusatzbewilligung_fz,abgebrochen,NA
2026,2026-01,anbieter_limousine,abgebrochen,NA
2026,2026-01,anbieter_limousine,erledigt,7
2026,2026-01,limousinenfahrer,abgebrochen,9
2026,2026-01,limousinenfahrer,erledigt,48
2026,2026-01,limousinenfahrzeug_bewilligungen,abgebrochen,NA
2026,2026-01,limousinenfahrzeug_bewilligungen,erledigt,151
2026,2026-01,taxiausweise,abgebrochen,NA
2026,2026-01,taxiausweise,erledigt,57
2026,2026-01,taxidienstanbieter,erledigt,NA
2026,2026-01,taxifahrzeug_bewilligungen,abgebrochen,NA
2026,2026-01,taxifahrzeug_bewilligungen,erledigt,82
2026,2026-02,anbieter_limousine,abgebrochen,NA
2026,2026-02,anbieter_limousine,erledigt,10
2026,2026-02,limousinenfahrer,abgebrochen,NA
2026,2026-02,limousinenfahrer,erledigt,62
2026,2026-02,limousinenfahrzeug_bewilligungen,abgebrochen,NA
2026,2026-02,limousinenfahrzeug_bewilligungen,erledigt,115
2026,2026-02,taxiausweise,abgebrochen,NA
2026,2026-02,taxiausweise,erledigt,41
2026,2026-02,taxidienstanbieter,erledigt,NA
2026,2026-02,taxifahrzeug_bewilligungen,erledigt,56
2026,2026-03,anbieter_limousine,abgebrochen,NA
2026,2026-03,anbieter_limousine,erledigt,10
2026,2026-03,limousinenfahrer,abgebrochen,NA
2026,2026-03,limousinenfahrer,erledigt,66
2026,2026-03,limousinenfahrzeug_bewilligungen,abgebrochen,NA
2026,2026-03,limousinenfahrzeug_bewilligungen,erledigt,148
2026,2026-03,taxiausweise,erledigt,70
2026,2026-03,taxidienstanbieter,abgebrochen,NA
2026,2026-03,taxidienstanbieter,erledigt,NA
2026,2026-03,taxifahrzeug_bewilligungen,erledigt,60
